{
  "gw_file": "test_data/test_skymap.fits",
  "transient": {
    "ra": 120.5,
    "dec": -30.0,
    "z": 0.05,
    "time": 1234567890.0
  },
  "I_omega": 4.2431328313571445e-26,
  "I_dl": 1.0,
  "I_t": 3.466189095308802e-05,
  "bayes_factor": 1.4707500749996893e-25,
  "prior_odds": 1.0,
  "posterior_odds": 1.4707500749996893e-25,
  "log_posterior_odds": -24.832461120794026,
  "P_chance": 1e-05,
  "associated": "False",
  "confidence": 0.0,
  "note": "Full Bayesian calculation"
}